,logFC,logCPM,LR,PValue,padjFilter,FDR
IGFBP5,1.45649565952704,13.1028815210953,62.5069740145054,5.51775432648099e-15,1.72153934986207e-12,1.72153934986207e-12
AHNAK,0.851931170710326,12.6758204129975,39.3356148115057,4.67909399604197e-10,7.29938663382548e-08,7.29938663382548e-08
IFITM3,1.12294266305183,12.4530307167912,34.0160506626714,6.79204097167643e-09,7.06372261054348e-07,7.06372261054348e-07
FTH1,0.606318764741839,14.0973458663461,32.6184244004428,1.34056658326856e-08,1.04564193494948e-06,1.04564193494948e-06
FTL,0.592870114448645,14.2323074906926,30.1738052830085,4.64113437257047e-08,2.89606784848397e-06,2.89606784848397e-06
RPS4Y1,-1.28033604610103,12.3247905608813,29.0496287134768,8.33891696305554e-08,4.33623682078888e-06,4.33623682078888e-06
RPLP1,-0.430496641594001,14.2222621055739,26.5738054692064,2.86059708997432e-07,1.27500898867427e-05,1.27500898867427e-05
MGP,0.64749059650679,14.5952687753452,25.7144821185238,4.43455017315935e-07,1.71326207561791e-05,1.71326207561791e-05
RPL21,-0.427293350766341,13.558665505958,25.49996889684,4.94210214120551e-07,1.71326207561791e-05,1.71326207561791e-05
CST3,0.783149099517482,12.3644068100518,23.7456621311567,1.21957587442351e-06,3.80507672820135e-05,3.80507672820135e-05
UQCRB,-0.551484318821811,13.2074913628535,23.0600579434961,1.72065025598145e-06,4.88038981696557e-05,4.88038981696557e-05
RPL39,-0.533612474022041,12.9301425940846,22.2274288593391,2.63716972411249e-06,6.85664128269248e-05,6.85664128269248e-05
RPL34,-0.414377587878928,13.8460563928789,21.1577183019704,4.57097506843e-06,0.00010970340164232,0.00010970340164232
RPL15,-0.387420378022556,13.3138215948801,20.2678695420432,7.23160624506119e-06,0.000161161510604221,0.000161161510604221
RPL37A,-0.406844311560068,13.5647423164878,20.0957518910437,7.90313642988662e-06,0.000164385237741642,0.000164385237741642
RPL38,-0.538406221071426,12.7199550983734,19.6844705223795,9.77398474042885e-06,0.000190592702438363,0.000190592702438363
VIM,0.383368134990172,14.055263576875,18.7557630845091,1.58095648595108e-05,0.000290152013892198,0.000290152013892198
RPL37,-0.425426991934075,13.3472417040667,18.5207333473354,1.78550307549647e-05,0.000309487199752722,0.000309487199752722
RPS27,-0.39194158255627,13.5700102163628,17.7469133848043,2.66745789102813e-05,0.000418699255192203,0.000418699255192203
SRP14,0.775620315545433,12.1777800826676,17.7412822709105,2.68396958456541e-05,0.000418699255192203,0.000418699255192203
FBXO32,0.767924186358842,12.1908447137376,17.1091337883217,3.73160436839595e-05,0.000554409791875969,0.000554409791875969
RPS3A,-0.351255645176668,14.0355212001711,16.946662141181,4.04502890245437e-05,0.000558615799612201,0.000558615799612201
PEBP1,0.722054433229491,12.1421007529494,16.9172601574596,4.11800108688481e-05,0.000558615799612201,0.000558615799612201
LMOD1,0.709741913253903,12.2229600226962,16.7871964006221,4.4074184396631e-05,0.000559234066855679,0.000559234066855679
RPL23,-0.454160336312458,12.8775176647994,16.7520382303896,4.48104220236922e-05,0.000559234066855679,0.000559234066855679
SOD1,0.814266824529684,12.2772023425167,16.5124713320294,5.11620227491426e-05,0.000613944272989711,0.000613944272989711
TMSB4X,-0.372482123963448,15.4789781193978,16.3131046737773,5.6294653191851e-05,0.000650515992439167,0.000650515992439167
RPL35A,-0.425204692061017,13.0078351171286,15.6121157203024,8.12300698187492e-05,0.000905135063694634,0.000905135063694634
RPS24,-0.353605528643771,13.5198011823505,15.1611438335001,0.000102871133458309,0.00110675150479285,0.00110675150479285
ARL6IP4,0.707220547800414,12.0939851964863,14.40837319484,0.00015332651275687,0.00159459573267144,0.00159459573267144
PPP1R14A,0.594956742259884,12.6672125718124,13.5126744159468,0.000245944001898093,0.0024753073739421,0.0024753073739421
TAGLN,0.413684887325935,14.093356686355,13.4375008737542,0.00025507751362093,0.00248700575780406,0.00248700575780406
RPS26,0.652947428601011,12.2476461383625,13.2424743842296,0.000283631878630504,0.00268161048887022,0.00268161048887022
RPL10,-0.32815967677143,13.7427126781009,13.1659192247489,0.000294277190908201,0.00270042598715761,0.00270042598715761
GPX4,0.670939013043971,12.1650607812272,13.0310556747501,0.000316960127774945,0.00282547313902237,0.00282547313902237
HNRNPA1,-0.415604846606261,12.9274600962443,12.9076734969176,0.000337483199713747,0.0029047102306553,0.0029047102306553
TIMP2,0.688164235019717,12.2953274747077,12.8770776947131,0.000344468841455917,0.0029047102306553,0.0029047102306553
S100A6,0.406984628194044,13.2083605428369,12.5175874731069,0.000415132106024148,0.00340845308104038,0.00340845308104038
MT-ATP6,0.363740540127861,13.714011714838,12.4256057676052,0.000436704869430856,0.00349363895544685,0.00349363895544685
ANXA1,0.648695634122756,12.2000178725597,12.2948588488173,0.000468230777367902,0.00365220006346963,0.00365220006346963
RPL41,-0.295961762187969,13.7484107443403,12.1443556940718,0.00050595362722736,0.0038501836998765,0.0038501836998765
TUBA1B,-0.703072836117567,12.59813305865,11.5727414814726,0.000687809825087326,0.00510944441493442,0.00510944441493442
TPT1,-0.304869486412311,14.2089498092864,11.5024431597149,0.000712396948648475,0.00516901972042614,0.00516901972042614
RPL5,-0.326359958834576,13.6464731453534,11.4111030857366,0.000748229399485537,0.00530562665089744,0.00530562665089744
RPS16,-0.365531886060223,12.8406289145816,11.2283627546077,0.000826033980800908,0.00564970593787716,0.00564970593787716
RPS15A,-0.377579508349518,12.8556614060272,11.2101235432771,0.000832969465199838,0.00564970593787716,0.00564970593787716
EID1,0.551095913314042,12.2231781369768,10.9011605346315,0.00098430111771708,0.0065340840154836,0.0065340840154836
DYNC1LI2,0.592621297392125,12.1165063779085,10.8407097765241,0.00101601145393929,0.00660407445060536,0.00660407445060536
RPL12,-0.390975981435576,12.8060788974381,10.5865018767631,0.00116348363824484,0.00740830398229366,0.00740830398229366
MT-ND2,0.364756332961502,13.1581475554251,10.5349122386106,0.00119869635560895,0.00747986525899984,0.00747986525899984
SPARCL1,0.553727287425048,12.569720001246,10.3014796823948,0.00135956086270553,0.00831731351302206,0.00831731351302206
CLU,0.672123640055145,12.2045314203509,10.1768776605698,0.00145415530586951,0.00866798996158787,0.00866798996158787
TPM4,-0.457083155821181,12.6542993315048,10.1520289335851,0.00147244701270563,0.00866798996158787,0.00866798996158787
SKP1,0.493972196507473,12.2599072270869,9.93553140026427,0.00165291453781804,0.0095501728851709,0.0095501728851709
YWHAE,0.560764756441949,12.0131063320721,9.78396806056372,0.00179357506703454,0.0101744621984505,0.0101744621984505
RPL30,-0.289191549375182,13.3004335718703,9.47009546456763,0.00212475988855847,0.0118379479505401,0.0118379479505401
IGFBP2,0.523982900763478,12.470569080963,9.39128509751453,0.00222042731762646,0.0121539179491133,0.0121539179491133
TOMM7,-0.387508200120697,12.5811316807256,9.15003432272192,0.00252824574284585,0.013600218478757,0.013600218478757
RPS29,-0.333066856734515,12.9660038788167,8.63756027525699,0.00334184729691684,0.0173913243872936,0.0173913243872936
NACA,-0.302542992148993,13.3675543144586,8.6359237653603,0.00334448545909493,0.0173913243872936,0.0173913243872936
RPL7,-0.307205572944994,12.9929530804492,8.51519134794535,0.00357242694048191,0.0182720853349238,0.0182720853349238
RASSF3,-0.592128984447374,12.2725949658667,8.40398809724064,0.00380054025011223,0.0191252993231454,0.0191252993231454
ATP5MD,0.519306257892814,12.0463721822451,8.18422273049606,0.00428221132469595,0.0208842050297711,0.0208842050297711
S100A4,-0.401410896483817,12.7078832789089,8.16799296983925,0.0043226001854527,0.0208842050297711,0.0208842050297711
RPS23,-0.242227734297971,14.0200040248303,8.15512367731213,0.00435087604786898,0.0208842050297711,0.0208842050297711
RPS20,-0.344427299315151,12.5631017091438,7.83022918379902,0.00520217154050497,0.0245920836460235,0.0245920836460235
RGS5,-0.422627959070001,13.5027458812466,7.79743597254048,0.00529962748463457,0.0246788623165073,0.0246788623165073
MT-ND1,0.324324569601261,13.202223096428,7.73195215111076,0.00549775200249253,0.0252249797761422,0.0252249797761422
FILIP1L,-0.618365466382603,12.3480588307142,7.62782669189033,0.00582426576917548,0.0263358104345326,0.0263358104345326
NPM1,-0.322639576304858,13.1851116859219,7.26397220891113,0.0071110592836198,0.0316950070927054,0.0316950070927054
FMO2,0.505816885133229,12.3746359644841,7.19763439989953,0.00738472461987989,0.032451184245106,0.032451184245106
RPS27A,-0.236838640289517,14.3270546228923,7.13977848522518,0.00761754436492076,0.0330093589146566,0.0330093589146566
SPARC,0.364793364370104,13.1508407457584,7.04479464708595,0.00803304538561555,0.0343330158946856,0.0343330158946856
RPS12,-0.225808861810017,14.0211128008389,6.91989350933352,0.00860794334039327,0.0359431098989026,0.0359431098989026
TNS1,0.395074269838288,12.4649005013497,6.86392159327607,0.008883711661813,0.0359431098989026,0.0359431098989026
RPL24,-0.258564385128554,13.3145855108801,6.84587195141091,0.00897096282793855,0.0359431098989026,0.0359431098989026
NORAD,0.436407856241987,12.3632125452512,6.83530869300483,0.00903033465304237,0.0359431098989026,0.0359431098989026
RPLP2,-0.279422113937122,12.9123674439287,6.82069242382988,0.00909782229352168,0.0359431098989026,0.0359431098989026
NFIA,0.469111096142345,12.2371257198282,6.81718866502166,0.00912134792429833,0.0359431098989026,0.0359431098989026
PFDN5,-0.281608736080545,13.1169727372197,6.79734031357202,0.00921618202535964,0.0359431098989026,0.0359431098989026
RPL31,-0.393199873284179,12.4248611706509,6.74615702825662,0.00948554725589119,0.0360893109606305,0.0360893109606305
RPS13,-0.292058935965496,12.8529962166197,6.73897363291451,0.00952120699908415,0.0360893109606305,0.0360893109606305
NSA2,-0.43918222088398,12.3298833211211,6.72484432472027,0.00960068208247541,0.0360893109606305,0.0360893109606305
RPS21,-0.334792937306948,12.6370915518875,6.48319435225551,0.0109930431037035,0.0408313029566131,0.0408313029566131
MXRA7,0.407019918283725,12.1760073092402,6.36257146476117,0.0117563477023837,0.0431527115663967,0.0431527115663967
ANTXR1,0.387753156145839,12.451360021665,6.32189039436929,0.0120299068049833,0.0436433828273814,0.0436433828273814
RPS19,-0.301775170490668,13.053120437289,6.28890904855683,0.0122581719124174,0.0439603406514281,0.0439603406514281
RPS11,-0.277379489807489,12.8678629904621,6.11935563979091,0.0134852616652125,0.0478113822675716,0.0478113822675716
CALM2,0.384582543128303,12.2738495511144,6.03140416295821,0.0141652217806232,0.0496578561298253,0.0496578561298253
RPL13A,-0.248248842810879,13.123164783998,5.99796162335196,0.014438471579298,0.0500533681415662,0.0500533681415662
RPL35,-0.28985082903008,12.7292273034068,5.71161504843428,0.0169708016812111,0.0581720946621729,0.0581720946621729
ACTA2,0.41647341580262,12.7732196368048,5.6939221062546,0.0171533099644869,0.0581720946621729,0.0581720946621729
RPL3,-0.224727024734471,13.8740507365908,5.52683005528013,0.0188573075371743,0.063263225286004,0.063263225286004
LPP,-0.34708619210551,12.6147210344561,5.38164820357395,0.0204844826786269,0.0679910488907615,0.0679910488907615
RPS6,-0.212793688833132,13.9359008961361,5.35071592219799,0.0208429200799896,0.0684525375258606,0.0684525375258606
NOP53,0.373371068132242,12.3103431857607,5.25218617577883,0.0220661324496521,0.0717149304613695,0.0717149304613695
SPTBN1,0.366386736308568,12.5265056514446,5.23288315008807,0.0223057523607866,0.071746337490365,0.071746337490365
MT-CYB,0.248446523339777,13.5832522567387,5.19348380283884,0.0228180476176377,0.0726452128234995,0.0726452128234995
CALD1,-0.26756640812948,14.2435778595362,5.15000932666385,0.02338278270437,0.0736911939774086,0.0736911939774086
EIF3E,-0.314405552169453,12.4898868967193,5.03522231440212,0.0249801924031236,0.0779382002977455,0.0779382002977455
SUB1,0.389495757301457,12.0577769534428,4.94104321912141,0.0263686859257369,0.0814557426616822,0.0814557426616822
PPDPF,-0.403988555518001,12.2588635650978,4.87040037128895,0.0274818911480394,0.0840622552763557,0.0840622552763557
LGALS1,-0.331998037345141,12.7088002530493,4.80271167610897,0.0285793671505043,0.0865705102034694,0.0865705102034694
CD59,0.368186573518645,12.0787459267712,4.67377749551025,0.0307778806457296,0.0923336419371889,0.0923336419371889
MYH9,0.347761369027746,12.5373436464848,4.52821545801049,0.0335169850923371,0.099593327131516,0.099593327131516
MYL9,0.333675527555385,12.708152295429,4.45450975594161,0.0349773032713268,0.102952062459,0.102952062459
SEPT7,0.322465843462434,12.2735618464665,4.43146160670227,0.0354453742943563,0.103354736260179,0.103354736260179
HNRNPA3,-0.332099317783983,12.2432098733254,4.37923555063651,0.0365421483445782,0.105247803135631,0.105247803135631
ACTG1,0.31818433931107,12.4302616822951,4.36890052781928,0.0367692645569992,0.105247803135631,0.105247803135631
EEF1B2,-0.270304029909766,13.0193776170911,4.16183767135612,0.0415121941463281,0.117063404753916,0.117063404753916
OST4,-0.387287234437433,12.0518500578288,4.1563131792588,0.0416475574605277,0.117063404753916,0.117063404753916
RPL13,-0.170751180521312,13.6829653081351,4.13389003267326,0.0422011554514681,0.117541873682868,0.117541873682868
ADIRF,0.308975586315387,12.681942393964,4.10707928017854,0.0428809657789884,0.117541873682868,0.117541873682868
HMGB1,0.275257956312582,12.5488657433962,4.10423223079397,0.0429479923072016,0.117541873682868,0.117541873682868
RPL8,-0.22187948497211,12.8783436228008,4.06603498729271,0.0439267044514423,0.119175059033478,0.119175059033478
ISCU,0.361355464284021,12.0577788082638,3.94553447058536,0.0471767976144618,0.126445269702868,0.126445269702868
YBX3,0.372985962277719,12.0931403133528,3.9370325295958,0.0474169761385755,0.126445269702868,0.126445269702868
SERINC1,0.347160878284207,12.2499901817131,3.91645689451684,0.0480047601266067,0.126927840334757,0.126927840334757
PMEPA1,0.362148982779346,12.3413446595778,3.84437456675414,0.0501167409199441,0.131398514008593,0.131398514008593
PPP1R12B,-0.380353503830204,12.2601396870679,3.73215914093265,0.0535696119763552,0.139280991138524,0.139280991138524
SNRPN,0.352595431155126,12.0009128413133,3.70577227836122,0.0544057419590229,0.140285880092687,0.140285880092687
SUSD5,0.367254951281677,12.3652240263281,3.66139047607919,0.0558980675472944,0.142952435038982,0.142952435038982
RPL36,-0.227606964348023,12.8059444023415,3.52449132685013,0.0606690472864038,0.153892217506975,0.153892217506975
NUPR1,0.34813812154612,12.0279575774552,3.46340500690894,0.0629308212074643,0.158342066263942,0.158342066263942
B2M,0.26807854536684,12.6539350210571,3.43694172407174,0.0639459473364838,0.159609084551863,0.159609084551863
TRIR,0.326574442898174,12.1612848704417,3.40425943376943,0.0652403834650976,0.161547616199289,0.161547616199289
RPS3,-0.175951941856296,13.1319292776743,3.37890438399847,0.0662273537780567,0.162700270698848,0.162700270698848
SEPT11,0.364792542566735,12.10376432008,3.27973232325024,0.0703500855574061,0.171478333546177,0.171478333546177
RPS18,-0.169788075875586,13.3894836312664,3.26279395625443,0.0710604212552883,0.171867065361628,0.171867065361628
HSP90B1,0.307883226154227,12.3630056731143,3.23944278793618,0.0720939916235737,0.173025579896577,0.173025579896577
RPL27A,-0.194799741320741,12.7742223806704,3.17170085312318,0.075119519181679,0.178132199246157,0.178132199246157
ELOB,0.338217656068165,12.0403288332878,3.16654420294623,0.0753636227579897,0.178132199246157,0.178132199246157
CSRP1,0.367636066965892,12.1231789853427,3.14077540266834,0.0765738137497572,0.179631803683641,0.179631803683641
TPH1,-0.367973787762144,12.1198260123301,3.02312082301819,0.0822915960059595,0.189414934843975,0.189414934843975
KANK2,0.33594663714723,12.2234148553559,3.01345260408073,0.0828030629484821,0.189414934843975,0.189414934843975
RPL32,-0.172942246539173,13.2846922713614,3.00597168424179,0.0831554381218251,0.189414934843975,0.189414934843975
RPL23A,-0.164434730293854,13.1689737337249,3.00563319672438,0.0831725835693095,0.189414934843975,0.189414934843975
ST13,-0.284544272460109,12.3119221442949,2.97656985197528,0.084696295043186,0.191487275749812,0.191487275749812
TMA7,0.295767768782515,12.1005086779114,2.95373738401838,0.085884050846032,0.192775711251525,0.192775711251525
ZCRB1,0.332330348804216,12.1711712534458,2.93648851518731,0.0868084862094208,0.193458912123852,0.193458912123852
RPL9,-0.151961389023725,13.2967603659139,2.91146633445032,0.0881503925018125,0.193784639031077,0.193784639031077
RACK1,-0.263211042471442,12.3186995103379,2.9107328708057,0.088196854943631,0.193784639031077,0.193784639031077
RPL18,-0.203310436491047,12.7590341987243,2.88607093945302,0.0895658532403989,0.195416407069961,0.195416407069961
PPP1CB,0.224694103542988,12.5281908387403,2.86109048857406,0.0909479385406312,0.196381338777686,0.196381338777686
EDF1,0.280195407586574,12.0861842751552,2.85546059480134,0.0912669683421939,0.196381338777686,0.196381338777686
NDUFA4,0.309789224599206,12.0654264650386,2.83451574567033,0.0924657305693602,0.197597999572879,0.197597999572879
MALAT1,-0.287820940281017,12.4766924840667,2.80716496047512,0.0940520085871723,0.199620589654407,0.199620589654407
EIF4A2,0.265512982654117,12.2317703190697,2.69640007693101,0.100784659289781,0.212464957421701,0.212464957421701
RPS7,-0.197116101419761,12.6127038041075,2.6855124631013,0.10146744882435,0.212468751900653,0.212468751900653
RPL28,-0.211820075062523,12.5643314934071,2.62581523248627,0.105355359291132,0.219139147325556,0.219139147325556
MT-ND4,0.180959446808872,13.3000715694857,2.58477570744952,0.108117622703922,0.223395352871681,0.223395352871681
RPS27L,0.28945180217075,12.0997025049062,2.55922447924678,0.109861529096651,0.225505243935231,0.225505243935231
PALLD,-0.218211330186674,12.6153128437836,2.52749432044624,0.112083981693682,0.228563413649861,0.228563413649861
SUMO2,0.298127459575051,12.0359768280844,2.47615694047477,0.115793535218332,0.23459469472805,0.23459469472805
SYNPO2,-0.29886142063421,12.1669201867285,2.45905131573898,0.117059475868235,0.235629396586383,0.235629396586383
CANX,0.289000733522379,12.1046260485947,2.43817918596085,0.118628095615369,0.237256191230738,0.237256191230738
SAP18,0.258446656434659,12.1539970029015,2.40724822396419,0.120976807448342,0.240412509069317,0.240412509069317
EEF1A1,-0.11921811613534,15.1803158663967,2.36381985170135,0.124380500111442,0.244522351109609,0.244522351109609
TMSB10,-0.239282425117922,12.3372361308107,2.36099276230669,0.124612352007782,0.244522351109609,0.244522351109609
PCNP,-0.294588660226193,12.0022567324968,2.27130107270432,0.131991162763771,0.256516543361693,0.256516543361693
RPS9,0.169401440285793,12.8309047278442,2.26702967170218,0.132369113721899,0.256516543361693,0.256516543361693
TCEAL4,0.226850513523965,12.4856588180297,2.2504933893843,0.133783004179954,0.257656156198429,0.257656156198429
MYH11,0.17749205384674,13.475914095905,2.18498300959641,0.139570980951397,0.267154270287337,0.267154270287337
C12orf75,-0.221728425767244,12.4671596094099,2.16076333733389,0.141778342214982,0.269724651043137,0.269724651043137
UBXN1,0.253918394230666,12.0594787075688,2.10974568764624,0.146564337120908,0.276393771929951,0.276393771929951
ACTB,0.233782191034335,12.5328707960965,2.10404492847749,0.147122051856885,0.276393771929951,0.276393771929951
EEF2,0.233090064445825,12.3307469860962,2.09100513174468,0.148390553007898,0.276393771929951,0.276393771929951
RPL7A,-0.146542666898394,13.0395862598559,2.08629863416536,0.148827415654589,0.276393771929951,0.276393771929951
EIF1,0.196393297174913,12.4207902965573,2.01956893652857,0.155486354046826,0.287051730547986,0.287051730547986
RPL36AL,0.165225415088763,12.7921521419167,2.00662254526065,0.156818365974632,0.287723178841341,0.287723178841341
ATP5ME,0.251015583734307,12.0059421312971,1.99811341763797,0.157694434557273,0.287723178841341,0.287723178841341
MAP4,0.214729585366104,12.2534580256088,1.96539655463539,0.161135774251675,0.292292799805365,0.292292799805365
RPS14,-0.133926945562665,13.1411762157972,1.94096282256305,0.163761970441817,0.295339507386398,0.295339507386398
HNRNPA2B1,0.261366387522737,12.0216924553978,1.91633455254305,0.16645877499548,0.298477803440171,0.298477803440171
CSDE1,0.177400090515281,12.5631886205509,1.83160618037073,0.176133494579556,0.314020858907551,0.314020858907551
CD63,0.174763722540969,12.4901434411554,1.8058707687652,0.17920415902151,0.317680100083587,0.317680100083587
MAP1B,-0.178174718219578,12.9434173006088,1.74759991381563,0.186378408318793,0.328531431612787,0.328531431612787
MYLK,0.236954313377617,12.2542366957649,1.73545119427229,0.187927335385414,0.328774452021104,0.328774452021104
RSL24D1,-0.264635835604899,12.0972767082154,1.72996727906821,0.188623804204415,0.328774452021104,0.328774452021104
NEXN,0.246465484418342,12.4128473856896,1.69045359264885,0.193755797799167,0.335387009929986,0.335387009929986
UBC,0.241137120094687,12.0488675380525,1.68418366009644,0.194567464093998,0.335387009929986,0.335387009929986
GAS6,0.276791208158195,12.2655279314428,1.67359498544744,0.1959939915083,0.335989699728513,0.335989699728513
TLN1,0.241158461144508,12.2153790014134,1.60578378184044,0.205294412450657,0.34923915944523,0.34923915944523
MSRB3,0.189212428347763,12.2861357488679,1.60099039779357,0.205961555570264,0.34923915944523,0.34923915944523
MRFAP1,0.217469309435405,12.0440518263451,1.56336821744367,0.211359795985306,0.356455439715759,0.356455439715759
PARK7,0.213664261469455,12.1586277238,1.54958310146208,0.213390782559171,0.357945828808933,0.357945828808933
NAP1L1,-0.181704691658658,12.4671398754667,1.52610858165616,0.21688769654254,0.361866103322313,0.361866103322313
ANXA2,0.236723637709046,12.0185712969997,1.5162957652575,0.21836932888251,0.362400162826293,0.362400162826293
MT-CO1,0.146537608459955,13.3890228323683,1.49292706775378,0.22196523793705,0.366418805483384,0.366418805483384
SVIL,-0.226117836935567,12.180546702981,1.45996329146573,0.227129835333971,0.371111352601582,0.371111352601582
MORF4L1,0.196552891857708,12.1958652150974,1.45957318285326,0.227186757522123,0.371111352601582,0.371111352601582
HSP90AB1,0.148420911001184,12.8239410267264,1.4479562593599,0.229041084119055,0.372191761693464,0.372191761693464
RPL17,-0.208072025170186,12.2562385814976,1.41919903992545,0.233722956852471,0.375888788470063,0.375888788470063
CCND1,-0.222761075955664,12.5712200746406,1.40818538593726,0.235556337510574,0.375888788470063,0.375888788470063
EIF3H,-0.190218482982666,12.155661679922,1.40473487971963,0.236114075502115,0.375888788470063,0.375888788470063
RPS8,-0.109063473693821,13.3062705440314,1.40459973918371,0.236135264551706,0.375888788470063,0.375888788470063
GADD45A,0.21953720921725,12.1122172399091,1.39674644011762,0.23745526085325,0.376071276072152,0.376071276072152
RPL29,-0.147497266410727,12.6413317543886,1.35147100605116,0.245200820191532,0.386377049998778,0.386377049998778
GSTP1,0.234926693170388,12.1212790744016,1.32992536012421,0.249007949055089,0.390404422639134,0.390404422639134
TOMM20,0.1893823777009,12.166572288688,1.30211182727521,0.254014804735166,0.396263095386859,0.396263095386859
RPS4X,-0.0927539293071091,13.6726713170124,1.19093363081248,0.275310747599312,0.424472577488403,0.424472577488403
RPS10,-0.130283265149732,12.6458781900662,1.18822042294209,0.275858251388789,0.424472577488403,0.424472577488403
PABPC1,0.17808210315679,12.2221070651278,1.18663634410615,0.276179273173544,0.424472577488403,0.424472577488403
PTMA,-0.0981911212233564,14.0974583559409,1.12572946594275,0.288852019998265,0.441773677644405,0.441773677644405
LDHA,-0.185338152499092,12.2469717127025,1.09616417982778,0.295278667593205,0.449399728239415,0.449399728239415
C4orf3,0.174116557361845,12.1255356464556,1.08738105350659,0.297213864563872,0.449796405539844,0.449796405539844
MT-ND3,0.11239702255341,13.7568975367597,1.07635833078001,0.299688772492737,0.449796405539844,0.449796405539844
CHMP3,-0.177964495269028,12.152257595999,1.07551116239125,0.299864270359896,0.449796405539844,0.449796405539844
GAPDH,-0.142830726093314,12.4875112331785,1.06396554869053,0.302476635800858,0.451544068755348,0.451544068755348
CALU,-0.205455173329005,12.039513616567,1.04489100451508,0.306847982824115,0.455888431624399,0.455888431624399
HDLBP,0.185282330070894,12.0198089564115,1.01852672912474,0.313029796754715,0.462868704206024,0.462868704206024
FAU,-0.112999188099175,12.7543926098626,1.01142037771422,0.314720333925219,0.463173321625794,0.463173321625794
ARPC2,-0.171196526857107,12.1313748048837,0.98455050572386,0.321231894119569,0.470536858992045,0.470536858992045
H3F3B,0.180679067966026,12.0653605823701,0.928004037490382,0.335537655208809,0.487877175806227,0.487877175806227
PPP1R3C,0.18018983897202,12.1593850521199,0.925477081230667,0.336197412815189,0.487877175806227,0.487877175806227
CCNI,-0.11284636784059,12.8975031917061,0.910594999358409,0.340108893727468,0.489579288166934,0.489579288166934
SEC62,0.132471689584033,12.4580251463256,0.909086565221571,0.340508671577643,0.489579288166934,0.489579288166934
RPS25,-0.0977435498506144,12.8579671460099,0.902609255279458,0.342229801443033,0.48979678004691,0.48979678004691
KIF5B,-0.159833782450506,12.335640674506,0.863540054939335,0.352898889535101,0.502760061803432,0.502760061803432
COX4I1,0.136049928849354,12.2428087276954,0.841045097067479,0.359239928669029,0.509467535203351,0.509467535203351
CCND2,0.176047590299704,12.1809971955017,0.828057565538415,0.362985218139708,0.512449719726646,0.512449719726646
RPL18A,-0.100811059537832,12.9223543852461,0.808731772431429,0.368643379659977,0.518093398441048,0.518093398441048
KTN1,0.149288005792626,12.4210200186371,0.795005274767789,0.372738183583169,0.518484966958867,0.518484966958867
SYNPO,-0.131398853040601,12.5303091539818,0.794710372034501,0.37282260044933,0.518484966958867,0.518484966958867
RAB13,-0.143116349605264,12.3990681197789,0.791097045000754,0.373907428095337,0.518484966958867,0.518484966958867
MYL12A,-0.152524733778376,12.2144982916267,0.760087451114885,0.383439937073059,0.528196401893391,0.528196401893391
RHOA,-0.164945410845107,12.0466307752903,0.757336975823648,0.384296741121153,0.528196401893391,0.528196401893391
GNAS,0.117955992888097,12.5545772705495,0.73752189816355,0.390601286837459,0.534507024093365,0.534507024093365
RPL4,-0.101079101947851,12.8642763062179,0.711645014811097,0.399027472989101,0.543653150972051,0.543653150972051
RPSA,-0.131545642066844,12.259364705691,0.689524781342925,0.406455034701949,0.549733956261636,0.549733956261636
TPM2,-0.0888334981626899,14.1406179418165,0.687880105572162,0.407014563770634,0.549733956261636,0.549733956261636
UQCRH,0.155283642618757,12.0041487736209,0.673379285278656,0.412001667357628,0.551465418355124,0.551465418355124
SERBP1,-0.129400682751204,12.2343499435072,0.670466016149021,0.413022054202583,0.551465418355124,0.551465418355124
SARAF,-0.145052728560218,12.1392951949553,0.665362118861935,0.414800926095907,0.551465418355124,0.551465418355124
CIRBP,0.140339714520446,12.2089370651899,0.663787603631647,0.415366581132866,0.551465418355124,0.551465418355124
ITGBL1,-0.147125387049602,12.393141547345,0.652689644316013,0.419284199547336,0.55204099174821,0.55204099174821
PLS3,0.153484733048955,12.0542006722644,0.652519018699934,0.419338830270275,0.55204099174821,0.55204099174821
RPL22,-0.0767247221532023,13.0149396232299,0.636559599944121,0.425080484363344,0.55625360345868,0.55625360345868
HNRNPH3,-0.155819717299295,12.0150360069704,0.633749269302541,0.426104523162258,0.55625360345868,0.55625360345868
CRTAP,0.130452582219532,12.109578951133,0.607982240437764,0.435666639994542,0.566366631992905,0.566366631992905
KIF1C,0.146187223757681,12.0373685935608,0.587374540489293,0.443556253779482,0.57423050281825,0.57423050281825
MYL6,-0.0843205166424799,12.9880933609855,0.558663289593312,0.454913147484802,0.583601718472618,0.583601718472618
MT-CO3,0.0836977319313502,13.4582287919363,0.555767264761016,0.456093699541982,0.583601718472618,0.583601718472618
HINT1,-0.13110184492281,12.0745970935001,0.551340867485237,0.457886069927703,0.583601718472618,0.583601718472618
IGFBP7,0.142028908063151,12.6977408519601,0.550399881612634,0.45827699046728,0.583601718472618,0.583601718472618
C12orf57,0.133989994225302,12.0970047012589,0.530292859460303,0.466601357054065,0.590988998020004,0.590988998020004
CAVIN1,-0.0978701726582228,12.595159645211,0.527273169362729,0.46786629009917,0.590988998020004,0.590988998020004
NCL,0.114571506027042,12.2130627586976,0.467459153133234,0.494264471738151,0.621816593477029,0.621816593477029
NUCKS1,0.111005596620836,12.1954989200729,0.431307120357928,0.51144907814433,0.640851856951932,0.640851856951932
RPL26,-0.0620401955017875,13.4246994711274,0.420198959717936,0.51693317030395,0.642847188262714,0.642847188262714
RPL11,-0.0543336171424493,13.6324085207481,0.41973915485579,0.517162321326735,0.642847188262714,0.642847188262714
TPM1,-0.0811630896976071,12.9038787579107,0.408716991090159,0.522717744354402,0.647174350153069,0.647174350153069
GUK1,-0.104363806515301,12.2727525536743,0.396201979391321,0.529153173684686,0.652552530393762,0.652552530393762
COX7A2L,-0.111514372425602,12.109562482969,0.359262313451609,0.5490054330404,0.674368878380334,0.674368878380334
DSTN,0.0559266450007391,13.8119477058809,0.355053794382343,0.551353314396548,0.67459699643813,0.67459699643813
SET,-0.100162306704262,12.274925403871,0.348005753637722,0.555333264655237,0.67681241629857,0.67681241629857
MT-CO2,0.0657420750844887,13.2922307949728,0.336755477707527,0.561800509812861,0.680428912469118,0.680428912469118
RPS28,-0.0690012492604022,12.7984672603775,0.331146904985701,0.565073645993321,0.680428912469118,0.680428912469118
CLIC1,0.102056004609191,12.0088811968552,0.329390079896086,0.566100975446204,0.680428912469118,0.680428912469118
ATP5MG,-0.107745555517971,12.0589623209702,0.327832746230001,0.567024093724265,0.680428912469118,0.680428912469118
COX7C,-0.0890556233491077,12.2416417775138,0.322643208028524,0.570105054429466,0.681504892651316,0.681504892651316
RPL19,-0.0482584865414602,13.407682639476,0.313677339814262,0.575512599943907,0.685343248788164,0.685343248788164
PTMS,0.0720646179649284,12.6227976295105,0.306634040437302,0.57983326774398,0.686716357075052,0.686716357075052
NUDC,0.103364286046917,12.0066576377672,0.304639165307492,0.581067686755813,0.686716357075052,0.686716357075052
UGP2,0.101158043254152,12.0512307303548,0.289661527131329,0.590514666339599,0.695247456218697,0.695247456218697
ZEB1,-0.0939557229457132,12.2481511851379,0.279557634171397,0.597069918923173,0.700322611669286,0.700322611669286
RPL27,-0.0589829423965994,12.5990227458815,0.264845403925392,0.606883821150795,0.709167611232389,0.709167611232389
TCEAL3,-0.104288290905746,12.1234323549434,0.254344693771202,0.614108242116858,0.713346500721034,0.713346500721034
ITGB1,-0.0799946977294591,12.6532864348253,0.25301992277906,0.615032720172943,0.713346500721034,0.713346500721034
COMMD6,-0.0735297294267476,12.2238244353032,0.223921461691361,0.636136751017184,0.735091356730968,0.735091356730968
YBX1,-0.0530904429619796,12.8586273262263,0.199584382147577,0.655119309763432,0.754233301277456,0.754233301277456
NEK7,-0.0964848192519653,12.0710278587105,0.194700013399256,0.659098305097693,0.755015330359621,0.755015330359621
PTGES3,-0.0872265723095729,12.0242300856165,0.192824676399482,0.660638414064668,0.755015330359621,0.755015330359621
MZT2B,0.0827175461731495,12.0310018158,0.189537033263321,0.663362304069908,0.755361455729239,0.755361455729239
RAC1,0.0660951345656206,12.204936527448,0.174616418148503,0.676099157058236,0.767065225462435,0.767065225462435
SERF2,0.0548905284219319,12.4590829843546,0.142016882656947,0.70633627217784,0.798467090287993,0.798467090287993
FAM129A,0.0644751543810502,12.2368387392507,0.122678770040523,0.72619719930785,0.817954968173462,0.817954968173462
CMPK1,0.0434279149979546,12.3708892615455,0.109893045201261,0.740310357205866,0.825707232607915,0.825707232607915
UBA52,-0.0416710436150615,12.6909957038633,0.109573546478543,0.740678884724243,0.825707232607915,0.825707232607915
HSP90AA1,0.0470416428064261,12.3576693276876,0.109272462539082,0.741019311314795,0.825707232607915,0.825707232607915
RPS5,0.0468616577980671,12.5028884853157,0.100874785833525,0.750829264513872,0.833660962734263,0.833660962734263
MYH10,0.0422660711742367,13.2253928630947,0.0846307844329885,0.771157984399888,0.853196067846685,0.853196067846685
CALM1,0.0361394280114643,12.7484653586846,0.0802048509469273,0.777058861905355,0.855737861483326,0.855737861483326
ENAH,-0.0510380731474483,12.1053751450262,0.0782290986520593,0.779749527607003,0.855737861483326,0.855737861483326
PPIA,0.0433917863211091,12.18470207288,0.0768251442743804,0.781683623470346,0.855737861483326,0.855737861483326
SLC25A3,0.0366219822086087,12.3365149029876,0.0734962128381653,0.786349336999921,0.85783564036355,0.85783564036355
TBCA,-0.053831011019926,12.0899056455239,0.0673972438543728,0.795200683182159,0.864469035375727,0.864469035375727
RPL14,0.0251758784385847,12.9616435230019,0.0623441110039948,0.802861616148267,0.865646200690943,0.865646200690943
SELENOW,-0.040783848228628,12.3024769396107,0.062344943020662,0.802864022235613,0.865646200690943,0.865646200690943
RPL10A,-0.0264103501124505,12.8838617345662,0.0589186038432672,0.808245597991597,0.865646200690943,0.865646200690943
SYF2,0.0433555359762785,12.1903868848526,0.0586170318223367,0.808728304155634,0.865646200690943,0.865646200690943
EIF4B,0.0365699693395873,12.2932096120299,0.0577279261552235,0.810156059621011,0.865646200690943,0.865646200690943
WWTR1,0.0394242731224178,12.2730266656996,0.0556123608296275,0.813603378658557,0.866362642121057,0.866362642121057
PURA,-0.0452636783973297,12.0685210541063,0.0509566409714921,0.821437083437941,0.871729149770876,0.871729149770876
RPS15,-0.0234492910783271,12.801873747643,0.041685921839985,0.838248018914894,0.886553836954058,0.886553836954058
RPLP0,0.0364046606846685,12.1502215489153,0.0379634423854895,0.845542506300326,0.890614356582432,0.890614356582432
MT-ND5,0.0284445699920425,12.5694367874978,0.0368512777258161,0.847796358669816,0.890614356582432,0.890614356582432
ATP5F1E,-0.0257225642396357,12.5480413388271,0.0320956427580654,0.857843963078214,0.898145357316788,0.898145357316788
ZFAS1,-0.0355980559406031,12.1460910353102,0.0297454675293238,0.863094152108084,0.899747544448827,0.899747544448827
ANP32B,0.0263002688605783,12.3137435397665,0.0288526368331645,0.865141869662333,0.899747544448827,0.899747544448827
RPS2,0.0214145336079847,12.5712560350628,0.022918744129413,0.879688754549935,0.911836848570032,0.911836848570032
EIF5B,0.0234648950320231,12.3420242911899,0.0196876461596958,0.888432947314608,0.917851256828337,0.917851256828337
EEF1D,-0.0185580147708271,12.397134881278,0.0162828504419394,0.898478555426743,0.925166037271102,0.925166037271102
BTF3,-0.01544333263358,12.3671850344283,0.0125996994901243,0.910641269844725,0.934605513788007,0.934605513788007
DDR2,-0.0184255350652218,12.2231168825445,0.00490663869800301,0.94416598674996,0.965835370052418,0.965835370052418
SEC11A,-0.0100973894707213,12.1372974518545,0.00290878880565515,0.956995379800923,0.975759995091137,0.975759995091137
CALR,-0.0142399737521056,12.1759474566707,0.00170155380874348,0.96710271399244,0.982853572526519,0.982853572526519
RPL6,-0.00393341518430095,13.1513866608532,0.00116031697302788,0.972830941825299,0.985465109900952,0.985465109900952
SORBS1,-0.00745718143039347,12.1386915635399,0.000722276127930854,0.978562954228399,0.986661336810061,0.986661336810061
LDHB,0.00439126843196605,12.1561137332012,0.000607671051227499,0.980336584651022,0.986661336810061,0.986661336810061
HNRNPDL,0.00265884037422608,12.0657725368087,0.00022456466336962,0.98804574017096,0.991222736120063,0.991222736120063
RPL36A,-0.0033689074119921,12.4385452146302,5.64071323765347e-05,0.994008532518087,0.994008532518087,0.994008532518087
